{
  "shape": {
    "rows": 67463,
    "cols": 35
  },
  "memory_mb": 52.885,
  "duplicates": 0,
  "primary_key_candidates": [
    "ID"
  ],
  "columns": {
    "ID": {
      "dtype": "numeric",
      "non_nulls": 67463,
      "nulls": 0,
      "null_pct": 0.0,
      "nunique": 67463,
      "sample_values": [
        "65087372",
        "1450153",
        "1969101",
        "6651430",
        "14354669"
      ],
      "flags": {
        "constant": false,
        "high_cardinality": true,
        "potential_id": true,
        "mixed_types": false
      },
      "summary": {
        "min": 1297933.0,
        "p25": 6570288.0,
        "p50": 17915646.0,
        "p75": 42715208.5,
        "max": 72245779.0,
        "mean": 25627607.74649808,
        "std": 21091554.02373272,
        "skew": 0.5565773937504104,
        "kurtosis": -1.0899403737504947,
        "zeros": 0,
        "negatives": 0
      }
    },
    "Loan Amount": {
      "dtype": "numeric",
      "non_nulls": 67463,
      "nulls": 0,
      "null_pct": 0.0,
      "nunique": 27525,
      "sample_values": [
        "10000",
        "3609",
        "28276",
        "11170",
        "16890"
      ],
      "flags": {
        "constant": false,
        "high_cardinality": false,
        "potential_id": false,
        "mixed_types": false
      },
      "summary": {
        "min": 1014.0,
        "p25": 10012.0,
        "p50": 16073.0,
        "p75": 22106.0,
        "max": 35000.0,
        "mean": 16848.902776336658,
        "std": 8367.865726383805,
        "skew": 0.28808301321052926,
        "kurtosis": -0.7981366775108136,
        "zeros": 0,
        "negatives": 0
      }
    },
    "Funded Amount": {
      "dtype": "numeric",
      "non_nulls": 67463,
      "nulls": 0,
      "null_pct": 0.0,
      "nunique": 24548,
      "sample_values": [
        "32236",
        "11940",
        "9311",
        "6954",
        "13226"
      ],
      "flags": {
        "constant": false,
        "high_cardinality": false,
        "potential_id": false,
        "mixed_types": false
      },
      "summary": {
        "min": 1014.0,
        "p25": 9266.5,
        "p50": 13042.0,
        "p75": 21793.0,
        "max": 34999.0,
        "mean": 15770.599113588189,
        "std": 8150.992662220764,
        "skew": 0.6726329792188361,
        "kurtosis": -0.6171324221974372,
        "zeros": 0,
        "negatives": 0
      }
    },
    "Funded Amount Investor": {
      "dtype": "numeric",
      "non_nulls": 67463,
      "nulls": 0,
      "null_pct": 0.0,
      "nunique": 67441,
      "sample_values": [
        "12329.36286",
        "12191.99692",
        "21603.22455",
        "17877.15585",
        "13539.92667"
      ],
      "flags": {
        "constant": false,
        "high_cardinality": true,
        "potential_id": false,
        "mixed_types": false
      },
      "summary": {
        "min": 1114.590204,
        "p25": 9831.684984,
        "p50": 12793.68217,
        "p75": 17807.59412,
        "max": 34999.74643,
        "mean": 14621.799322594281,
        "std": 6785.345169773679,
        "skew": 0.9901387795938568,
        "kurtosis": 0.46186792394412324,
        "zeros": 0,
        "negatives": 0
      }
    },
    "Term": {
      "dtype": "numeric",
      "non_nulls": 67463,
      "nulls": 0,
      "null_pct": 0.0,
      "nunique": 3,
      "sample_values": [
        "59",
        "36",
        "58"
      ],
      "flags": {
        "constant": false,
        "high_cardinality": false,
        "potential_id": false,
        "mixed_types": false
      },
      "summary": {
        "min": 36.0,
        "p25": 58.0,
        "p50": 59.0,
        "p75": 59.0,
        "max": 59.0,
        "mean": 58.17381379422795,
        "std": 3.3274405471530546,
        "skew": -6.381623025999059,
        "kurtosis": 39.59740537629598,
        "zeros": 0,
        "negatives": 0
      }
    },
    "Batch Enrolled": {
      "dtype": "categorical",
      "non_nulls": 67463,
      "nulls": 0,
      "null_pct": 0.0,
      "nunique": 41,
      "sample_values": [
        "BAT2522922",
        "BAT1586599",
        "BAT2136391",
        "BAT2428731",
        "BAT5341619"
      ],
      "flags": {
        "constant": false,
        "high_cardinality": false,
        "potential_id": false,
        "mixed_types": false
      },
      "cat_top": [
        {
          "value": "BAT3873588",
          "count": 3626,
          "pct": 5.375
        },
        {
          "value": "BAT1586599",
          "count": 3142,
          "pct": 4.657
        },
        {
          "value": "BAT1104812",
          "count": 2996,
          "pct": 4.441
        },
        {
          "value": "BAT2252229",
          "count": 2557,
          "pct": 3.79
        },
        {
          "value": "BAT2803411",
          "count": 2425,
          "pct": 3.595
        },
        {
          "value": "BAT1780517",
          "count": 2403,
          "pct": 3.562
        },
        {
          "value": "BAT1184694",
          "count": 2298,
          "pct": 3.406
        },
        {
          "value": "BAT2078974",
          "count": 2290,
          "pct": 3.394
        },
        {
          "value": "BAT2575549",
          "count": 2257,
          "pct": 3.346
        },
        {
          "value": "BAT4694572",
          "count": 2248,
          "pct": 3.332
        }
      ],
      "rare_levels": [
        {
          "value": "BAT1135695",
          "pct": 0.439
        }
      ]
    },
    "Interest Rate": {
      "dtype": "numeric",
      "non_nulls": 67463,
      "nulls": 0,
      "null_pct": 0.0,
      "nunique": 67448,
      "sample_values": [
        "11.13500686",
        "12.23756263",
        "12.54588365",
        "16.73120146",
        "15.00830022"
      ],
      "flags": {
        "constant": false,
        "high_cardinality": true,
        "potential_id": false,
        "mixed_types": false
      },
      "summary": {
        "min": 5.320005799,
        "p25": 9.2971471585,
        "p50": 11.37769635,
        "p75": 14.193533065,
        "max": 27.18234758,
        "mean": 11.84625789706036,
        "std": 3.718628715476179,
        "skew": 0.563382837780844,
        "kurtosis": 0.14901360039873568,
        "zeros": 0,
        "negatives": 0
      }
    },
    "Grade": {
      "dtype": "categorical",
      "non_nulls": 67463,
      "nulls": 0,
      "null_pct": 0.0,
      "nunique": 7,
      "sample_values": [
        "B",
        "C",
        "F",
        "A",
        "G"
      ],
      "flags": {
        "constant": false,
        "high_cardinality": false,
        "potential_id": false,
        "mixed_types": false
      },
      "cat_top": [
        {
          "value": "C",
          "count": 19085,
          "pct": 28.29
        },
        {
          "value": "B",
          "count": 18742,
          "pct": 27.781
        },
        {
          "value": "A",
          "count": 12055,
          "pct": 17.869
        },
        {
          "value": "D",
          "count": 8259,
          "pct": 12.242
        },
        {
          "value": "E",
          "count": 6446,
          "pct": 9.555
        },
        {
          "value": "F",
          "count": 2246,
          "pct": 3.329
        },
        {
          "value": "G",
          "count": 630,
          "pct": 0.934
        }
      ],
      "rare_levels": [
        {
          "value": "G",
          "pct": 0.934
        }
      ]
    },
    "Sub Grade": {
      "dtype": "categorical",
      "non_nulls": 67463,
      "nulls": 0,
      "null_pct": 0.0,
      "nunique": 35,
      "sample_values": [
        "C4",
        "D3",
        "D4",
        "C3",
        "G5"
      ],
      "flags": {
        "constant": false,
        "high_cardinality": false,
        "potential_id": false,
        "mixed_types": false
      },
      "cat_top": [
        {
          "value": "B4",
          "count": 4462,
          "pct": 6.614
        },
        {
          "value": "C1",
          "count": 4188,
          "pct": 6.208
        },
        {
          "value": "B3",
          "count": 3999,
          "pct": 5.928
        },
        {
          "value": "A5",
          "count": 3540,
          "pct": 5.247
        },
        {
          "value": "B2",
          "count": 3520,
          "pct": 5.218
        },
        {
          "value": "B5",
          "count": 3408,
          "pct": 5.052
        },
        {
          "value": "D1",
          "count": 3304,
          "pct": 4.897
        },
        {
          "value": "C4",
          "count": 3250,
          "pct": 4.817
        },
        {
          "value": "C2",
          "count": 3219,
          "pct": 4.772
        },
        {
          "value": "C3",
          "count": 3121,
          "pct": 4.626
        }
      ],
      "rare_levels": [
        {
          "value": "F5",
          "pct": 0.863
        },
        {
          "value": "F3",
          "pct": 0.857
        },
        {
          "value": "G2",
          "pct": 0.663
        },
        {
          "value": "F4",
          "pct": 0.654
        },
        {
          "value": "G1",
          "pct": 0.543
        },
        {
          "value": "G5",
          "pct": 0.421
        },
        {
          "value": "G3",
          "pct": 0.365
        },
        {
          "value": "G4",
          "pct": 0.224
        }
      ]
    },
    "Employment Duration": {
      "dtype": "categorical",
      "non_nulls": 67463,
      "nulls": 0,
      "null_pct": 0.0,
      "nunique": 3,
      "sample_values": [
        "MORTGAGE",
        "RENT",
        "OWN"
      ],
      "flags": {
        "constant": false,
        "high_cardinality": false,
        "potential_id": false,
        "mixed_types": false
      },
      "cat_top": [
        {
          "value": "MORTGAGE",
          "count": 36351,
          "pct": 53.883
        },
        {
          "value": "RENT",
          "count": 24150,
          "pct": 35.797
        },
        {
          "value": "OWN",
          "count": 6962,
          "pct": 10.32
        }
      ],
      "rare_levels": []
    },
    "Home Ownership": {
      "dtype": "numeric",
      "non_nulls": 67463,
      "nulls": 0,
      "null_pct": 0.0,
      "nunique": 67454,
      "sample_values": [
        "176346.6267",
        "39833.921",
        "91506.69105",
        "108286.5759",
        "44234.82545"
      ],
      "flags": {
        "constant": false,
        "high_cardinality": true,
        "potential_id": false,
        "mixed_types": false
      },
      "summary": {
        "min": 14573.53717,
        "p25": 51689.843335,
        "p50": 69335.83267999999,
        "p75": 94623.322785,
        "max": 406561.5364,
        "mean": 80541.50252225649,
        "std": 45029.12036566477,
        "skew": 2.130488112956296,
        "kurtosis": 7.027734491013167,
        "zeros": 0,
        "negatives": 0
      }
    },
    "Verification Status": {
      "dtype": "categorical",
      "non_nulls": 67463,
      "nulls": 0,
      "null_pct": 0.0,
      "nunique": 3,
      "sample_values": [
        "Not Verified",
        "Source Verified",
        "Verified"
      ],
      "flags": {
        "constant": false,
        "high_cardinality": false,
        "potential_id": false,
        "mixed_types": false
      },
      "cat_top": [
        {
          "value": "Source Verified",
          "count": 33036,
          "pct": 48.969
        },
        {
          "value": "Verified",
          "count": 18078,
          "pct": 26.797
        },
        {
          "value": "Not Verified",
          "count": 16349,
          "pct": 24.234
        }
      ],
      "rare_levels": []
    },
    "Payment Plan": {
      "dtype": "categorical",
      "non_nulls": 67463,
      "nulls": 0,
      "null_pct": 0.0,
      "nunique": 1,
      "sample_values": [
        "n"
      ],
      "flags": {
        "constant": true,
        "high_cardinality": false,
        "potential_id": false,
        "mixed_types": false
      },
      "cat_top": [
        {
          "value": "n",
          "count": 67463,
          "pct": 100.0
        }
      ],
      "rare_levels": []
    },
    "Loan Title": {
      "dtype": "categorical",
      "non_nulls": 67463,
      "nulls": 0,
      "null_pct": 0.0,
      "nunique": 109,
      "sample_values": [
        "Debt Consolidation",
        "Debt consolidation",
        "Credit card refinancing",
        "Home improvement",
        "Credit Consolidation"
      ],
      "flags": {
        "constant": false,
        "high_cardinality": false,
        "potential_id": false,
        "mixed_types": false
      },
      "cat_top": [
        {
          "value": "Credit card refinancing",
          "count": 30728,
          "pct": 45.548
        },
        {
          "value": "Debt consolidation",
          "count": 24841,
          "pct": 36.822
        },
        {
          "value": "Debt Consolidation",
          "count": 3544,
          "pct": 5.253
        },
        {
          "value": "Other",
          "count": 2455,
          "pct": 3.639
        },
        {
          "value": "Home improvement",
          "count": 2211,
          "pct": 3.277
        },
        {
          "value": "Major purchase",
          "count": 487,
          "pct": 0.722
        },
        {
          "value": "Medical expenses",
          "count": 237,
          "pct": 0.351
        },
        {
          "value": "Business",
          "count": 183,
          "pct": 0.271
        },
        {
          "value": "Moving and relocation",
          "count": 157,
          "pct": 0.233
        },
        {
          "value": "Car financing",
          "count": 135,
          "pct": 0.2
        }
      ],
      "rare_levels": [
        {
          "value": "Major purchase",
          "pct": 0.722
        },
        {
          "value": "Medical expenses",
          "pct": 0.351
        },
        {
          "value": "Business",
          "pct": 0.271
        },
        {
          "value": "Moving and relocation",
          "pct": 0.233
        },
        {
          "value": "Car financing",
          "pct": 0.2
        },
        {
          "value": "Vacation",
          "pct": 0.169
        },
        {
          "value": "debt consolidation",
          "pct": 0.156
        },
        {
          "value": "Consolidation",
          "pct": 0.144
        },
        {
          "value": "Home buying",
          "pct": 0.139
        },
        {
          "value": "Personal Loan",
          "pct": 0.116
        },
        {
          "value": "Debt Consolidation Loan",
          "pct": 0.105
        },
        {
          "value": "Credit Card Consolidation",
          "pct": 0.101
        },
        {
          "value": "Home Improvement",
          "pct": 0.101
        },
        {
          "value": "Consolidate",
          "pct": 0.082
        },
        {
          "value": "Consolidation Loan",
          "pct": 0.082
        },
        {
          "value": "consolidation",
          "pct": 0.076
        },
        {
          "value": "payoff",
          "pct": 0.074
        },
        {
          "value": "DEBT CONSOLIDATION",
          "pct": 0.068
        },
        {
          "value": "Green loan",
          "pct": 0.067
        },
        {
          "value": "Credit Card Debt",
          "pct": 0.067
        },
        {
          "value": "Freedom",
          "pct": 0.067
        },
        {
          "value": "consolidate",
          "pct": 0.062
        },
        {
          "value": "Credit Card Refinance",
          "pct": 0.056
        },
        {
          "value": "Credit Card Payoff",
          "pct": 0.052
        },
        {
          "value": "Loan",
          "pct": 0.05
        },
        {
          "value": "Credit Card",
          "pct": 0.05
        },
        {
          "value": "Payoff",
          "pct": 0.049
        },
        {
          "value": "consolidation loan",
          "pct": 0.049
        },
        {
          "value": "Lending Club",
          "pct": 0.047
        },
        {
          "value": "Credit card payoff",
          "pct": 0.047
        },
        {
          "value": "Credit Cards",
          "pct": 0.047
        },
        {
          "value": "Credit card refinance",
          "pct": 0.046
        },
        {
          "value": "Debt",
          "pct": 0.044
        },
        {
          "value": "Credit Card Loan",
          "pct": 0.044
        },
        {
          "value": "Refinance",
          "pct": 0.043
        },
        {
          "value": "personal",
          "pct": 0.039
        },
        {
          "value": "refi",
          "pct": 0.037
        },
        {
          "value": "debt consolidation loan",
          "pct": 0.037
        },
        {
          "value": "Personal",
          "pct": 0.037
        },
        {
          "value": "Credit Consolidation",
          "pct": 0.037
        },
        {
          "value": "My Loan",
          "pct": 0.036
        },
        {
          "value": "Debt Free",
          "pct": 0.033
        },
        {
          "value": "Debt Payoff",
          "pct": 0.033
        },
        {
          "value": "credit card",
          "pct": 0.033
        },
        {
          "value": "Loan 1",
          "pct": 0.031
        },
        {
          "value": "debt",
          "pct": 0.031
        },
        {
          "value": "Debt Loan",
          "pct": 0.028
        },
        {
          "value": "Cards",
          "pct": 0.027
        },
        {
          "value": "debt loan",
          "pct": 0.027
        },
        {
          "value": "CC consolidation",
          "pct": 0.027
        },
        {
          "value": "Pool",
          "pct": 0.025
        },
        {
          "value": "Refinance Loan",
          "pct": 0.025
        },
        {
          "value": "Credit payoff",
          "pct": 0.024
        },
        {
          "value": "House",
          "pct": 0.024
        },
        {
          "value": "Card Consolidation",
          "pct": 0.024
        },
        {
          "value": "credit card refinance",
          "pct": 0.024
        },
        {
          "value": "Pay Off",
          "pct": 0.022
        },
        {
          "value": "home improvement",
          "pct": 0.022
        },
        {
          "value": "MYLOAN",
          "pct": 0.022
        },
        {
          "value": "CC Refinance",
          "pct": 0.022
        },
        {
          "value": "Bill Consolidation",
          "pct": 0.022
        },
        {
          "value": "Bathroom",
          "pct": 0.021
        },
        {
          "value": "CC Consolidation",
          "pct": 0.021
        },
        {
          "value": "Dept consolidation",
          "pct": 0.021
        },
        {
          "value": "Consolidated",
          "pct": 0.019
        },
        {
          "value": "Home",
          "pct": 0.019
        },
        {
          "value": "CC Loan",
          "pct": 0.019
        },
        {
          "value": "Debt Reduction",
          "pct": 0.019
        },
        {
          "value": "CC-Refinance",
          "pct": 0.019
        },
        {
          "value": "Home Improvement Loan",
          "pct": 0.019
        },
        {
          "value": "Credit Card consolidation",
          "pct": 0.019
        },
        {
          "value": "loan1",
          "pct": 0.019
        },
        {
          "value": "Get Debt Free",
          "pct": 0.019
        },
        {
          "value": "Lending loan",
          "pct": 0.019
        },
        {
          "value": "get out of debt",
          "pct": 0.018
        },
        {
          "value": "Medical",
          "pct": 0.018
        },
        {
          "value": "CC Refi",
          "pct": 0.018
        },
        {
          "value": "Credit Card Refi",
          "pct": 0.018
        },
        {
          "value": "Bill Payoff",
          "pct": 0.018
        },
        {
          "value": "Credit card pay off",
          "pct": 0.016
        },
        {
          "value": "credit card consolidation",
          "pct": 0.016
        },
        {
          "value": "Credit Loan",
          "pct": 0.015
        },
        {
          "value": "conso",
          "pct": 0.015
        },
        {
          "value": "cards",
          "pct": 0.015
        },
        {
          "value": "vacation",
          "pct": 0.015
        },
        {
          "value": "pay off bills",
          "pct": 0.015
        },
        {
          "value": "Car Loan",
          "pct": 0.013
        },
        {
          "value": "credit pay off",
          "pct": 0.013
        },
        {
          "value": "Medical loan",
          "pct": 0.013
        },
        {
          "value": "CONSOLIDATE",
          "pct": 0.013
        },
        {
          "value": "CONSOLIDATION",
          "pct": 0.013
        },
        {
          "value": "Credit Card Paydown",
          "pct": 0.013
        },
        {
          "value": "relief",
          "pct": 0.013
        },
        {
          "value": "Loan Consolidation",
          "pct": 0.01
        },
        {
          "value": "Debt payoff",
          "pct": 0.01
        },
        {
          "value": "Credit Card Refinance Loan",
          "pct": 0.009
        },
        {
          "value": "Wedding Loan",
          "pct": 0.009
        },
        {
          "value": "Debt Consolidation 2013",
          "pct": 0.009
        },
        {
          "value": "CC",
          "pct": 0.009
        },
        {
          "value": "Home loan",
          "pct": 0.009
        },
        {
          "value": "Personal loan",
          "pct": 0.007
        },
        {
          "value": "Getting Ahead",
          "pct": 0.007
        },
        {
          "value": "Credit",
          "pct": 0.006
        },
        {
          "value": "bills",
          "pct": 0.006
        }
      ]
    },
    "Debit to Income": {
      "dtype": "numeric",
      "non_nulls": 67463,
      "nulls": 0,
      "null_pct": 0.0,
      "nunique": 67454,
      "sample_values": [
        "16.28475781",
        "15.41240945",
        "28.13761862",
        "18.04373003",
        "17.20988604"
      ],
      "flags": {
        "constant": false,
        "high_cardinality": true,
        "potential_id": false,
        "mixed_types": false
      },
      "summary": {
        "min": 0.675299086,
        "p25": 16.756416435,
        "p50": 22.65665832,
        "p75": 30.04839956,
        "max": 39.62986189,
        "mean": 23.299240618916325,
        "std": 8.451823720687548,
        "skew": 0.0809667636106124,
        "kurtosis": -0.9050211949055904,
        "zeros": 0,
        "negatives": 0
      }
    },
    "Delinquency - two years": {
      "dtype": "numeric",
      "non_nulls": 67463,
      "nulls": 0,
      "null_pct": 0.0,
      "nunique": 9,
      "sample_values": [
        "1",
        "0",
        "3",
        "6",
        "2"
      ],
      "flags": {
        "constant": false,
        "high_cardinality": false,
        "potential_id": false,
        "mixed_types": false
      },
      "summary": {
        "min": 0.0,
        "p25": 0.0,
        "p50": 0.0,
        "p75": 0.0,
        "max": 8.0,
        "mean": 0.3271274624609045,
        "std": 0.8008883777991891,
        "skew": 4.63502128623594,
        "kurtosis": 30.676297496156067,
        "zeros": 52054,
        "negatives": 0
      }
    },
    "Inquires - six months": {
      "dtype": "numeric",
      "non_nulls": 67463,
      "nulls": 0,
      "null_pct": 0.0,
      "nunique": 6,
      "sample_values": [
        "0",
        "3",
        "2",
        "1",
        "4"
      ],
      "flags": {
        "constant": false,
        "high_cardinality": false,
        "potential_id": false,
        "mixed_types": false
      },
      "summary": {
        "min": 0.0,
        "p25": 0.0,
        "p50": 0.0,
        "p75": 0.0,
        "max": 5.0,
        "mean": 0.14575396884218017,
        "std": 0.4732912876601494,
        "skew": 3.71197203089922,
        "kurtosis": 15.143928011268939,
        "zeros": 60486,
        "negatives": 0
      }
    },
    "Open Account": {
      "dtype": "numeric",
      "non_nulls": 67463,
      "nulls": 0,
      "null_pct": 0.0,
      "nunique": 36,
      "sample_values": [
        "13",
        "12",
        "14",
        "7",
        "16"
      ],
      "flags": {
        "constant": false,
        "high_cardinality": false,
        "potential_id": false,
        "mixed_types": false
      },
      "summary": {
        "min": 2.0,
        "p25": 10.0,
        "p50": 13.0,
        "p75": 16.0,
        "max": 37.0,
        "mean": 14.266560929694796,
        "std": 6.225060448493553,
        "skew": 1.4651072551773061,
        "kurtosis": 1.821184019647896,
        "zeros": 0,
        "negatives": 0
      }
    },
    "Public Record": {
      "dtype": "numeric",
      "non_nulls": 67463,
      "nulls": 0,
      "null_pct": 0.0,
      "nunique": 5,
      "sample_values": [
        "0",
        "1",
        "2",
        "4",
        "3"
      ],
      "flags": {
        "constant": false,
        "high_cardinality": false,
        "potential_id": false,
        "mixed_types": false
      },
      "summary": {
        "min": 0.0,
        "p25": 0.0,
        "p50": 0.0,
        "p75": 0.0,
        "max": 4.0,
        "mean": 0.08143723226064657,
        "std": 0.346605742434909,
        "skew": 6.236185139999742,
        "kurtosis": 52.95955130844287,
        "zeros": 62871,
        "negatives": 0
      }
    },
    "Revolving Balance": {
      "dtype": "numeric",
      "non_nulls": 67463,
      "nulls": 0,
      "null_pct": 0.0,
      "nunique": 20582,
      "sample_values": [
        "24246",
        "812",
        "1843",
        "13819",
        "1544"
      ],
      "flags": {
        "constant": false,
        "high_cardinality": false,
        "potential_id": false,
        "mixed_types": false
      },
      "summary": {
        "min": 0.0,
        "p25": 2557.0,
        "p50": 5516.0,
        "p75": 10184.5,
        "max": 116933.0,
        "mean": 7699.342424736522,
        "std": 7836.148190314293,
        "skew": 2.9511352479106083,
        "kurtosis": 16.903172908737957,
        "zeros": 7,
        "negatives": 0
      }
    },
    "Revolving Utilities": {
      "dtype": "numeric",
      "non_nulls": 67463,
      "nulls": 0,
      "null_pct": 0.0,
      "nunique": 67458,
      "sample_values": [
        "74.93255103",
        "78.29718601",
        "2.073039873",
        "67.46795121",
        "85.25076114"
      ],
      "flags": {
        "constant": false,
        "high_cardinality": true,
        "potential_id": false,
        "mixed_types": false
      },
      "summary": {
        "min": 0.00517236,
        "p25": 38.658824775,
        "p50": 54.08233363,
        "p75": 69.17711726,
        "max": 100.8800498,
        "mean": 52.88944255828937,
        "std": 22.53945040229538,
        "skew": -0.2372453723804323,
        "kurtosis": -0.5448985257455132,
        "zeros": 0,
        "negatives": 0
      }
    },
    "Total Accounts": {
      "dtype": "numeric",
      "non_nulls": 67463,
      "nulls": 0,
      "null_pct": 0.0,
      "nunique": 69,
      "sample_values": [
        "7",
        "13",
        "20",
        "12",
        "22"
      ],
      "flags": {
        "constant": false,
        "high_cardinality": false,
        "potential_id": false,
        "mixed_types": false
      },
      "summary": {
        "min": 4.0,
        "p25": 13.0,
        "p50": 18.0,
        "p75": 23.0,
        "max": 72.0,
        "mean": 18.627929383513926,
        "std": 8.319246431490098,
        "skew": 0.7341215217834283,
        "kurtosis": 1.3267530740295963,
        "zeros": 0,
        "negatives": 0
      }
    },
    "Initial List Status": {
      "dtype": "categorical",
      "non_nulls": 67463,
      "nulls": 0,
      "null_pct": 0.0,
      "nunique": 2,
      "sample_values": [
        "w",
        "f"
      ],
      "flags": {
        "constant": false,
        "high_cardinality": false,
        "potential_id": false,
        "mixed_types": false
      },
      "cat_top": [
        {
          "value": "w",
          "count": 36299,
          "pct": 53.806
        },
        {
          "value": "f",
          "count": 31164,
          "pct": 46.194
        }
      ],
      "rare_levels": []
    },
    "Total Received Interest": {
      "dtype": "numeric",
      "non_nulls": 67463,
      "nulls": 0,
      "null_pct": 0.0,
      "nunique": 67451,
      "sample_values": [
        "2929.646315",
        "772.7693849999999",
        "863.3243956",
        "288.173196",
        "129.2395533"
      ],
      "flags": {
        "constant": false,
        "high_cardinality": true,
        "potential_id": false,
        "mixed_types": false
      },
      "summary": {
        "min": 4.736746327,
        "p25": 570.90381435,
        "p50": 1330.842771,
        "p75": 2656.9568369999997,
        "max": 14301.36831,
        "mean": 2068.992541697685,
        "std": 2221.918745331462,
        "skew": 2.135243073284248,
        "kurtosis": 5.187491828385051,
        "zeros": 0,
        "negatives": 0
      }
    },
    "Total Received Late Fee": {
      "dtype": "numeric",
      "non_nulls": 67463,
      "nulls": 0,
      "null_pct": 0.0,
      "nunique": 67380,
      "sample_values": [
        "0.102055198",
        "0.03618117",
        "18.77866007",
        "0.044131373",
        "19.30664639"
      ],
      "flags": {
        "constant": false,
        "high_cardinality": true,
        "potential_id": false,
        "mixed_types": false
      },
      "summary": {
        "min": 3.06e-06,
        "p25": 0.021113870999999902,
        "p50": 0.0433975459999999,
        "p75": 0.0718839765,
        "max": 42.6188823,
        "mean": 1.1439686273670606,
        "std": 5.24436511681875,
        "skew": 5.084510607947429,
        "kurtosis": 25.992568576525194,
        "zeros": 0,
        "negatives": 0
      }
    },
    "Recoveries": {
      "dtype": "numeric",
      "non_nulls": 67463,
      "nulls": 0,
      "null_pct": 0.0,
      "nunique": 67387,
      "sample_values": [
        "2.498290962",
        "2.377214756",
        "4.3162773439999995",
        "0.107020281",
        "1294.818751"
      ],
      "flags": {
        "constant": false,
        "high_cardinality": true,
        "potential_id": false,
        "mixed_types": false
      },
      "summary": {
        "min": 3.5600000000000005e-05,
        "p25": 1.629817563,
        "p50": 3.344524121,
        "p75": 5.4537268415,
        "max": 4354.467419,
        "mean": 59.69157773261469,
        "std": 357.0263463036472,
        "skew": 7.3717872622393035,
        "kurtosis": 58.183685252065594,
        "zeros": 0,
        "negatives": 0
      }
    },
    "Collection Recovery Fee": {
      "dtype": "numeric",
      "non_nulls": 67463,
      "nulls": 0,
      "null_pct": 0.0,
      "nunique": 67313,
      "sample_values": [
        "0.79372376",
        "0.974821103",
        "1.020074954",
        "0.7499709929999999",
        "0.3689529179999999"
      ],
      "flags": {
        "constant": false,
        "high_cardinality": true,
        "potential_id": false,
        "mixed_types": false
      },
      "summary": {
        "min": 3.6200000000000006e-05,
        "p25": 0.4762593615,
        "p50": 0.780140635,
        "p75": 1.0705655410000001,
        "max": 166.833,
        "mean": 1.1251409372047492,
        "std": 3.489884545068048,
        "skew": 11.102130568234145,
        "kurtosis": 173.3263027951507,
        "zeros": 0,
        "negatives": 0
      }
    },
    "Collection 12 months Medical": {
      "dtype": "numeric",
      "non_nulls": 67463,
      "nulls": 0,
      "null_pct": 0.0,
      "nunique": 2,
      "sample_values": [
        "0",
        "1"
      ],
      "flags": {
        "constant": false,
        "high_cardinality": false,
        "potential_id": false,
        "mixed_types": false
      },
      "summary": {
        "min": 0.0,
        "p25": 0.0,
        "p50": 0.0,
        "p75": 0.0,
        "max": 1.0,
        "mean": 0.02130056475401331,
        "std": 0.14438545533187433,
        "skew": 6.631050558834054,
        "kurtosis": 41.972075812056474,
        "zeros": 66026,
        "negatives": 0
      }
    },
    "Application Type": {
      "dtype": "categorical",
      "non_nulls": 67463,
      "nulls": 0,
      "null_pct": 0.0,
      "nunique": 2,
      "sample_values": [
        "INDIVIDUAL",
        "JOINT"
      ],
      "flags": {
        "constant": false,
        "high_cardinality": false,
        "potential_id": false,
        "mixed_types": false
      },
      "cat_top": [
        {
          "value": "INDIVIDUAL",
          "count": 67340,
          "pct": 99.818
        },
        {
          "value": "JOINT",
          "count": 123,
          "pct": 0.182
        }
      ],
      "rare_levels": [
        {
          "value": "JOINT",
          "pct": 0.182
        }
      ]
    },
    "Last week Pay": {
      "dtype": "numeric",
      "non_nulls": 67463,
      "nulls": 0,
      "null_pct": 0.0,
      "nunique": 162,
      "sample_values": [
        "49",
        "109",
        "66",
        "39",
        "18"
      ],
      "flags": {
        "constant": false,
        "high_cardinality": false,
        "potential_id": false,
        "mixed_types": false
      },
      "summary": {
        "min": 0.0,
        "p25": 35.0,
        "p50": 68.0,
        "p75": 105.0,
        "max": 161.0,
        "mean": 71.16325986096082,
        "std": 43.315845330890426,
        "skew": 0.2619888458217121,
        "kurtosis": -0.9849029860302361,
        "zeros": 131,
        "negatives": 0
      }
    },
    "Accounts Delinquent": {
      "dtype": "numeric",
      "non_nulls": 67463,
      "nulls": 0,
      "null_pct": 0.0,
      "nunique": 1,
      "sample_values": [
        "0"
      ],
      "flags": {
        "constant": true,
        "high_cardinality": false,
        "potential_id": false,
        "mixed_types": false
      },
      "summary": {
        "min": 0.0,
        "p25": 0.0,
        "p50": 0.0,
        "p75": 0.0,
        "max": 0.0,
        "mean": 0.0,
        "std": 0.0,
        "skew": 0.0,
        "kurtosis": 0.0,
        "zeros": 67463,
        "negatives": 0
      }
    },
    "Total Collection Amount": {
      "dtype": "numeric",
      "non_nulls": 67463,
      "nulls": 0,
      "null_pct": 0.0,
      "nunique": 2193,
      "sample_values": [
        "31",
        "53",
        "34",
        "40",
        "430"
      ],
      "flags": {
        "constant": false,
        "high_cardinality": false,
        "potential_id": false,
        "mixed_types": false
      },
      "summary": {
        "min": 1.0,
        "p25": 24.0,
        "p50": 36.0,
        "p75": 46.0,
        "max": 16421.0,
        "mean": 146.46798986110906,
        "std": 744.3822330273831,
        "skew": 12.910971672309119,
        "kurtosis": 207.01677423532388,
        "zeros": 0,
        "negatives": 0
      }
    },
    "Total Current Balance": {
      "dtype": "numeric",
      "non_nulls": 67463,
      "nulls": 0,
      "null_pct": 0.0,
      "nunique": 60901,
      "sample_values": [
        "311301",
        "182610",
        "89801",
        "9189",
        "126029"
      ],
      "flags": {
        "constant": false,
        "high_cardinality": true,
        "potential_id": false,
        "mixed_types": false
      },
      "summary": {
        "min": 617.0,
        "p25": 50379.0,
        "p50": 118369.0,
        "p75": 228375.0,
        "max": 1177412.0,
        "mean": 159573.93363769772,
        "std": 139033.24556480485,
        "skew": 1.5115778768853174,
        "kurtosis": 3.1257696490112594,
        "zeros": 0,
        "negatives": 0
      }
    },
    "Total Revolving Credit Limit": {
      "dtype": "numeric",
      "non_nulls": 67463,
      "nulls": 0,
      "null_pct": 0.0,
      "nunique": 37708,
      "sample_values": [
        "6619",
        "20885",
        "26155",
        "60214",
        "22579"
      ],
      "flags": {
        "constant": false,
        "high_cardinality": true,
        "potential_id": false,
        "mixed_types": false
      },
      "summary": {
        "min": 1000.0,
        "p25": 8155.5,
        "p50": 16733.0,
        "p75": 32146.5,
        "max": 201169.0,
        "mean": 23123.005543779553,
        "std": 20916.699998565815,
        "skew": 1.9771502522068356,
        "kurtosis": 5.980085904589689,
        "zeros": 0,
        "negatives": 0
      }
    },
    "Loan Status": {
      "dtype": "numeric",
      "non_nulls": 67463,
      "nulls": 0,
      "null_pct": 0.0,
      "nunique": 2,
      "sample_values": [
        "0",
        "1"
      ],
      "flags": {
        "constant": false,
        "high_cardinality": false,
        "potential_id": false,
        "mixed_types": false
      },
      "summary": {
        "min": 0.0,
        "p25": 0.0,
        "p50": 0.0,
        "p75": 0.0,
        "max": 1.0,
        "mean": 0.09250996842713784,
        "std": 0.28974664553847534,
        "skew": 2.8128167735939393,
        "kurtosis": 5.912113470738884,
        "zeros": 61222,
        "negatives": 0
      }
    }
  },
  "target": {
    "name": "Loan Status",
    "positive_label": 1,
    "counts": {
      "0": 61222,
      "1": 6241
    },
    "positive_rate_pct": 9.251,
    "imbalance_ratio": 9.81
  }
}